"Area";"Perimeter";"Barycenter x";"Barycenter y";"Orientation";"Length";"Width";"Eccentricity";"Compactness";"Equivalent circular diameter";"Elongation";"Ellipticity";"Rectangularity";"Solidity";"Convexity";"Class"
1474094.0575570005;6558.242933;30634.459399954056;6022.709470528937;147.45371662552515;2195.5262944206265;999.0695979282839;5.3664896540770135;0.4306853106758295;1369.9908199475951;0.4550478855421436;0.16868931139277504;0.48802144677458775;0.8763199631848401;0.8001873664352713;"Plagioclase"
1096310.6721380004;5292.934152000001;14235.935288340545;8089.395541830058;72.23335651967604;1796.547133314081;900.2349683979315;4.37205428100055;0.49175696941938385;1181.4677740341833;0.5010917619162448;0.1586459120481302;0.47523379356541867;0.919258186033034;0.8170356153714718;"Plagioclase"
665280.0044550002;4325.193994;18681.58684464184;7233.486181684069;4.696044214825482;1413.060329057809;719.8453186901971;4.4963970257538195;0.4468925884180264;920.3590657964377;0.5094229198056752;0.20084042479390432;0.5289575157641705;0.9024216457440724;0.7941272293831824;"Plagioclase"
564107.4034970002;3543.090155;29474.17546812552;7563.837381501405;154.56753145786965;1187.6313373942949;692.362651683659;2.9083370222062124;0.5646863075306453;847.4926864641697;0.5829777557088778;0.14483622497815063;0.45765075388750304;0.9340146252703616;0.8350279551382175;"Plagioclase"
269595.4688460001;2607.3633300000006;34491.66297856741;8024.695475747322;34.52796118627916;844.7531919265399;543.8836234373966;3.3189856021633473;0.49833265415525874;585.8836164428426;0.6438373108683003;0.33848379142753526;0.7042104932325893;0.8575951454389552;0.8346118555713523;"Plagioclase"
253961.33690400008;2216.6387210000003;35124.164649248865;8436.965635777271;100.80467873198711;739.215413419292;476.5205999712923;2.3192497035526927;0.649512685945235;568.6419057543881;0.6446302272934399;0.08936889465007737;0.38702755547291207;0.9542656797818464;0.865803078696648;"Plagioclase"
1246901.5062460003;6058.462146;6344.886025126661;11020.831041439866;15.366555729530061;1642.4004421108853;1167.4414302736404;2.0212899550029593;0.4268912136441755;1260.001708785447;0.7108141232434115;0.20773565163673413;0.5377367912503808;0.8291059832437923;0.7798881653687567;"Plagioclase"
803409.1498400002;5061.947583000001;24918.309705626296;9942.258837026842;27.00748590413004;1776.439582208049;675.1589716409787;9.56327949233715;0.3940137249478438;1011.4011568998455;0.3800630082796179;0.1724912013207589;0.49286216337562716;0.8402547365529605;0.8134128170011119;"Plagioclase"
334737.6852710001;2990.2876960000003;9825.360869463775;11336.038574590657;177.56936641882268;1022.8628637786526;549.4256136286685;4.299214570806102;0.4704229758836054;652.8409132400866;0.5371449419905464;0.318595489902015;0.6788879212526805;0.8693880481806595;0.8228453065875171;"Plagioclase"
871516.4602540003;5394.587066000001;14784.783801076977;12395.305332989677;22.40528407654688;1601.788218486524;881.775122497017;4.945653969090955;0.37633017675115105;1053.3988898242696;0.5504941991208905;0.27284999235319773;0.620642944779941;0.7500104090457582;0.790311576185431;"Plagioclase"
1318305.6694170004;6547.916221000002;25929.674280181614;11566.098507814426;177.75458677333575;2127.6992638153033;958.334731361886;7.804063934032541;0.386384552914107;1295.5766709655918;0.45040892181512504;0.2147900686932374;0.5467187540117744;0.8393267326732673;0.7888799264769943;"Plagioclase"
743581.9853440003;4396.831615;10632.508901137717;13062.434532700034;132.05443399675943;1319.9950531078725;825.768798013777;3.311842020344748;0.48334703188579314;973.0148963364659;0.6255847672076794;0.15130872053631095;0.46589179118527513;0.8805513267527707;0.8160897135015711;"Plagioclase"
510832.47466900013;4486.2176150000005;3848.9275683881538;14059.412861735378;8.155431494148273;1372.7053368028771;726.3474454984978;6.4209367377260795;0.3189537333487289;806.4813125444967;0.5291357336675107;0.5329681033562672;0.9518356100108594;0.710287828552208;0.7811009502266422;"Plagioclase"
215615.55263600007;2152.1730120000007;17484.01541995769;15034.278482369537;63.966287074690015;621.0811015812347;493.5559654599775;1.7379250493599947;0.5849726827428857;523.9563417653051;0.7946723289493337;0.11659201442502216;0.4216891081014336;0.9110183103115965;0.8365741215790321;"Plagioclase"
814944.6786690003;4056.8335610000013;2546.556482880866;16692.157820505647;122.93307142050082;1189.8101139039013;1029.4585315229124;1.5814689569640858;0.6222481464710798;1018.6362410855317;0.8652292659919849;0.1804518210851551;0.5029979392602565;0.9252046044836435;0.8476724586532771;"Plagioclase"
779045.6153150003;4096.27119;24654.334651927435;16534.29243222287;8.151798440652442;1226.964369238674;871.7879844462942;2.1404995214293825;0.5834388568155918;995.9476314403262;0.7105242876671594;0.07837503185375091;0.37302973461123645;0.9398555800146755;0.8168210203387437;"Plagioclase"
586729.2044900001;3425.0690870000003;33328.867969383915;15982.818227494407;170.18957441365959;1059.6723526126802;788.9700066169058;1.7822237885101295;0.6285052325288515;864.3187058068754;0.7445414657385908;0.11913962397225185;0.424932825321511;0.9396723489041399;0.8458938151048163;"Plagioclase"
436822.62284100015;3763.9682190000008;8694.238482872108;17422.42459744308;146.33499106539398;1233.0413462409733;760.3375964691403;3.9044220442305893;0.3874566244887469;745.7746559357557;0.6166359293523216;0.6856556646673783;1.1462434510613408;0.8000632951452623;0.8235733328863157;"Plagioclase"
658478.9497110002;5077.195783;3844.085851402841;18269.491636300663;47.573983503568186;1355.2288639070189;782.2749623965991;4.053590600152956;0.32099919158523754;915.6426367026178;0.5772271999441935;0.26450356632720107;0.6100159451064354;0.7222917187890918;0.7208903976591049;"Plagioclase"
391191.96895900014;3328.232501;20056.02754034524;21388.965563331512;52.04953689541299;990.3811091648378;585.3804488980007;3.5533655257021493;0.44378485779288657;705.7485986251827;0.5910658467543233;0.1639665836535717;0.4820082830580165;0.8667534456355284;0.7818335204100576;"Plagioclase"
487090.98783400015;3200.4946490000007;29613.550658171815;21004.03308641485;45.47464568811776;887.7013376795625;722.761192917711;1.6589103534516894;0.5975658187190939;787.5173062189574;0.8141941013708479;0.034526184458891454;0.31719964811704376;0.932010844409178;0.826708318923985;"Plagioclase"
141591.87752600005;1728.9802530000004;10880.716321634289;22558.235111930102;152.32963236849625;549.6189146270656;406.7100231955112;2.1488077210959506;0.5952071482720975;424.59436840283365;0.7399854924415716;0.23993262269611174;0.5787312480238737;0.9009191257311228;0.8606264359689016;"Plagioclase"
408063.28464000014;3373.3671730000005;18296.259349373307;23082.94435020326;73.46394705701553;1206.228699683479;444.86989075816456;7.886695582633568;0.45061968148138865;720.8067083193447;0.36881056707977594;0.03282093166938806;0.3150284528316784;0.8871125268582934;0.8508031488453687;"Plagioclase"
482190.6343650001;3140.811091;21572.430640306746;26873.328541847633;66.93990420766872;1005.7625047079213;613.1154726007319;2.6089098972526354;0.6142497707669627;783.5459040633498;0.6096026345491811;0.004404911220128833;0.2788480518916783;0.9438288891594625;0.8566292702893413;"Plagioclase"
3117523.319614001;8334.758135;21929.20362936146;9748.974244345469;5.911728825621535;2518.9897079744337;1720.2587343481523;2.1370922540922628;0.5639408720174969;1992.3237618837416;0.6829161424924772;0.09169252156941735;0.38998608915382693;0.9320895938766358;0.8208525020384411;"Plagioclase"
1784364.5336880006;6160.990517000001;18206.133390799794;18721.72888750349;162.449799199671;2036.9428413200278;1158.384277305789;3.4227639335446622;0.5907345417690201;1507.2901135861273;0.568687669485662;0.03857483544732989;0.3223545506583548;0.9382809376703617;0.8639275980563889;"Plagioclase"
2513687.803649001;7249.383371999999;29929.26922186814;23618.789792240077;124.49412542019368;1907.7553691705305;1819.0841241653027;1.1842586769697114;0.6010617165741078;1789.0015971832963;0.9535206418819929;0.08431136940160819;0.3805881143280645;0.9300581271944742;0.8220008355491344;"Plagioclase"
1816510.5759790007;6412.470141000001;12220.641503354022;24345.22049966327;136.61913056302564;1732.5371693440977;1490.0678561063846;1.609424949934478;0.5551330487889325;1520.8067263022317;0.8600495749655362;0.11619624563550818;0.42118519962805206;0.909288744040576;0.8041276209663367;"Plagioclase"
1790080.4607950007;7251.907212000001;17507.66993429603;26027.67628995541;28.062731537596495;2173.2794421348403;1424.5062784809907;2.19949532331184;0.4277381028104981;1509.7023650183294;0.6554639274007396;0.35830490444904994;0.7294475181522471;0.853265202580271;0.7549575337837346;"Plagioclase"
110.58625600000003;38.33082000000001;25572.283000000003;21305.416000000005;71.56505117707799;14.964530343447498;8.313627968584068;4.333333333333333;0.9458337323886693;11.866035321176412;0.5555555555556976;-0.1164270661777993;0.12500000000009082;0.8888888888888888;0.9557613168724279;"Others"
1344908.5756260005;5233.563445000001;24075.879279038578;3555.3368630733976;99.99866669774592;1816.3613921504711;1062.5761814692214;3.79734661794198;0.6170319324729356;1308.5835023186198;0.5850026245114086;0.1270922338042652;0.43505840264348034;0.9078337788850477;0.9041691260131461;"K-feldspar"
806899.5285450002;4850.381437;31583.142801978676;4421.116979699345;13.550646446131465;1768.803238154904;751.1452065426565;7.401732430105718;0.43100026727113794;1013.595771682012;0.42466295308583923;0.29322426395549356;0.6465842730791584;0.8628794430031708;0.8605146038950586;"K-feldspar"
1528108.5319720004;7593.090945000001;10394.472426184577;5607.048181951405;49.428602203378155;2474.7642432699517;1136.2982281685183;8.3177229800576;0.3330633618391587;1394.864943840065;0.45915413205869926;0.4453127795987895;0.8402293854962755;0.731690527723172;0.791581968731444;"K-feldspar"
474235.33557400014;3312.0220870000007;24044.239032325768;5132.300434605184;119.61664244352674;1113.6474359122992;624.5451110308719;4.426590044975139;0.5432720044114808;777.055456684764;0.5608104422377133;0.15188071013350984;0.4666200709596062;0.8753348812287909;0.8529452620766896;"K-feldspar"
340564.1986340001;2419.053318;14567.686972784839;6948.768835613103;83.68124152566429;800.6640383706159;625.3284812055361;1.6562611674583672;0.7313377209186184;658.498143673807;0.7810123238182461;0.15464750696530097;0.4701428660980906;0.9432596960067384;0.9070610840500706;"K-feldspar"
1506012.0156950005;5674.646549;19057.966095839744;8559.938118167009;31.595734580232232;1505.5182085970857;1380.4477442520486;1.1885479828072687;0.5877067360216272;1384.7433167302838;0.9169253060967069;0.08384562370653381;0.3799951084913057;0.9031168400547105;0.8283793093383728;"K-feldspar"
366697.1132550001;2960.7088170000006;26316.368144058055;10647.96534445387;107.03608016592538;1094.2770701579475;467.8182910810931;6.64300583318966;0.525685455250326;683.2958843257397;0.42751356474422736;0.09644509081166412;0.39603724825214726;0.8947031147236885;0.8862075364975008;"K-feldspar"
229583.97909700006;2299.123596;4497.359709486108;12395.078956979862;37.466598672964956;835.3249483866402;439.4738727094347;3.708426276179611;0.545791547288548;540.6620025708775;0.5261112738919643;0.25584724154922667;0.5989943700870473;0.8786171507168175;0.8762732640842333;"K-feldspar"
1385949.8998840004;5510.089552;13372.16001384872;12336.21770927171;14.548188368667546;1904.8043490533362;1140.7853635073495;2.824421015697489;0.5736408636766478;1328.3998718586392;0.5988989704240782;0.23139295438738505;0.5678582046342812;0.9272228721510384;0.872695964669868;"K-feldspar"
784982.7149340003;4968.079138000001;18335.168147260818;12766.005995157346;89.6860999126086;1361.1458323387917;1090.6229272582002;2.5547689381984098;0.39966208285627297;999.7354823089648;0.8012535478173086;0.4852825151688903;0.8911204334167356;0.7219481807317756;0.7834289911426124;"K-feldspar"
604001.3953490002;3604.4089510000013;5820.198604126379;13877.900784400785;98.50804195000674;1101.4861819628788;817.8545955315707;2.071577455930197;0.5842243941714619;876.948380255967;0.7425010035751253;0.17140504769982376;0.49147922963379537;0.9139674737227422;0.8385594947991235;"K-feldspar"
1253674.9144260003;5670.826612000001;30085.208650871627;14081.439506395205;2.563935370564663;1914.5838752301763;1154.896868310837;3.3887872651772946;0.4898939345314758;1263.4193592349513;0.6032103807267217;0.38523209746026693;0.7637322851228447;0.8421243227432901;0.8499161809675164;"K-feldspar"
866719.7814000002;4505.062287000001;3420.6594699122816;15797.528124385966;157.22331328006896;1298.78925398897;943.4913345872839;2.494245663289196;0.53664485860658;1050.4960256386962;0.7264391291270235;0.11042127781820774;0.41383228223349244;0.8539035102652276;0.8425131141810558;"K-feldspar"
1480556.4418920004;6327.019754000001;7564.370846059046;16145.549832675111;108.02232517373395;1709.7781652158162;1453.9841517573745;1.6426390774554067;0.4647682492537599;1372.9905353021495;0.8503934494764389;0.3187557083185505;0.6790919176764082;0.8425681549105756;0.7949947353681045;"K-feldspar"
882740.9652380003;4734.516149;13887.840440172884;15504.942790522873;155.85965446178366;1628.1640914633595;909.3031048046333;4.455117983305467;0.49487092758989726;1060.1606975825455;0.5584836992611543;0.3172355599452357;0.6771564046536392;0.8457025559528539;0.8511672897876097;"K-feldspar"
744646.3780580002;3759.4752580000004;3179.3982971375012;17944.123493892595;76.2446954507899;1142.5906350357766;916.4363442495994;1.6149444761824663;0.6620723997227511;973.7110533352572;0.8020688391349401;0.10441618949306973;0.40618636630829924;0.9262048451711629;0.8784903797337347;"K-feldspar"
865911.1194030002;4294.810641000001;17648.40521205591;17527.990410335005;142.67275137191623;1281.9255601002699;1015.942608418386;1.7849942506306251;0.5899227430462186;1050.0058473407619;0.7925129508603612;0.1812682920651123;0.5040375023990666;0.8813312510552085;0.8659034578842564;"K-feldspar"
303524.7145150001;2417.3102910000007;34239.42903679836;17626.708413047938;76.94771125142763;708.4333891905592;575.7194539662497;1.7244601730800662;0.6527383381736087;621.6588045905479;0.8126656122519217;0.05537243953212143;0.34374192443591634;0.9279646690896797;0.8878614954773301;"K-feldspar"
1529235.1294550004;7147.740974000001;18884.655162333056;19792.14527762085;161.18371299020222;2152.7766638388084;1242.6841583017847;5.178984681542937;0.3761374002309938;1395.3790309519138;0.577247133516323;0.37396400210643305;0.7493853005244967;0.7350493510117705;0.7985972518818923;"K-feldspar"
85103.03563300002;1430.8516530000002;22763.689824494442;20169.36644765695;91.87585832993717;377.20851209540365;327.6743684589026;1.749368487471583;0.522354928355917;329.1755615852144;0.8686823280807279;0.1406930230310175;0.4523754653265892;0.8318470476962573;0.8079363241997808;"K-feldspar"
386381.4668230001;2757.334635;10333.594954599934;21652.79449884622;27.80593017543211;898.4545121113084;653.6132231109128;1.8680645226885524;0.6386268867904389;701.3958674755797;0.7274861601785104;0.1936871488788992;0.5198496819947841;0.9160521744830072;0.8678165358046939;"K-feldspar"
312330.1451490001;2487.8200710000006;17288.681341698204;20967.701114253472;170.1467372728073;846.961714381956;558.7103492665277;2.2904160492785746;0.6341409991140066;630.6116806851743;0.6596642324904016;0.18994386314602674;0.5150835825724479;0.9183636141933911;0.8763414100617246;"K-feldspar"
1060777.9257570002;5012.911475000001;16465.568062276434;23039.968625930927;126.40522264424439;1562.704669026003;1097.0722742931273;2.4150222301802873;0.5304619862623189;1162.1636731785902;0.7020342973550509;0.269338804455138;0.6161723614991357;0.8528774339823952;0.8334360372880911;"K-feldspar"
486662.46609200013;3207.619239000001;17681.71029757712;23212.407739589846;62.61484035198204;1091.6192856406244;611.8718415911767;3.9233906597074566;0.5943908252064489;787.1708180354947;0.5605176178543744;0.07793778609523788;0.37247301602072996;0.9142278428419329;0.8707735734465707;"K-feldspar"
414726.10656400013;2954.449168000001;26425.821735550966;23161.627180837946;109.37330843637297;910.2072995854936;656.5781388400045;2.196550727799615;0.5970602990365935;726.667516207608;0.7213501134730613;0.13176234246663704;0.4410045696706225;0.9251595793888187;0.8320979327135268;"K-feldspar"
1315858.9485030004;6801.725139000001;23003.595711975337;26843.435646213165;146.5513458091005;1970.4407392073956;1252.9765390535897;3.4784196343669533;0.35742180726895056;1294.3738441917196;0.6358864360252703;0.473624591895792;0.8762771044959382;0.7021368403971263;0.7888899582597498;"K-feldspar"
2653102.514260001;7789.477245000001;16491.892720973796;4620.56097996926;176.8631208516465;2671.702712758084;1510.621468198601;3.23682926235106;0.5494741542966872;1837.9431540154117;0.5654152540943218;0.1947571383547835;0.5212120349079302;0.8856781600708801;0.8893062720539473;"K-feldspar"
1907246.5990270006;7049.434777;25732.264186129953;4953.51885713561;126.38911427707646;2325.107905365863;1131.3764995884767;5.177705564707266;0.482289847408122;1558.3265997353783;0.4865909650805866;0.08326147577287164;0.37925134824219164;0.9079623189073405;0.8329947680569908;"K-feldspar"
8934491.706393003;14555.137762000002;22552.272003460275;7306.740173876922;171.13691292037257;4422.302306812981;3246.667713246699;1.9378737099245682;0.5299648591524698;3372.795302518063;0.7341577956452447;0.26213642610869414;0.6070020085722991;0.9128517981303343;0.8299203919963557;"K-feldspar"
2111990.1403700006;8071.203514;33853.38423570377;7330.097038069837;106.700617256476;2409.347727001044;1547.107830707101;2.3967636040662526;0.40740387383518656;1639.8382129984202;0.6421272501968043;0.38617500318860226;0.7649328299831186;0.7952995679558587;0.7741967110804784;"K-feldspar"
7517978.530007002;12290.525049000002;33429.24229297885;12080.10757952961;166.0986725456264;3848.7013065257443;2990.14507697917;1.886183034041366;0.6254175625016106;3093.895208450804;0.7769231329823305;0.20225133401162396;0.530753941174202;0.934846824547607;0.8507202489165197;"K-feldspar"
2412922.9895100007;7835.384843000001;9653.383523680217;14364.931019615597;109.55879244704165;2406.4786705807883;1484.1481985138541;3.1915963765959563;0.4938927612655329;1752.7775011805466;0.6167302526540426;0.16253411453250163;0.4801844067264579;0.873060927453741;0.8050931311479427;"K-feldspar"
6244059.419092002;12348.476096;22936.838671505364;17384.057304532154;122.38173301090508;3832.9021927246768;2381.3138725219555;3.294385071879082;0.5145767509249627;2819.6069534713533;0.6212821910879919;0.14806699875973778;0.4617643028263133;0.8647623131749584;0.8193786107969643;"K-feldspar"
5565363.919456001;11989.814771000003;31113.4068434358;21194.996736459536;24.303786825158376;3814.1849488908056;2383.531640352691;3.4432124042520718;0.4864951158826873;2661.961949971047;0.6249124445435821;0.28297733036242273;0.6335374720161854;0.881062243206425;0.81905754046782;"K-feldspar"
673719.1181160002;5121.426079000001;8832.304073279578;5852.745872922566;79.09995174022812;1575.1506558023914;822.2485078957612;4.822603989356547;0.32278022370819787;926.1780731745874;0.5220126118519773;0.5098583401644704;0.9224113456455989;0.7829397590361445;0.7493320246749188;"Biotite"
113689.58280900003;2274.7948300000003;14689.187558027845;5955.684720043772;43.45123796401694;897.3106334298039;165.83912984078668;38.27792219628827;0.27608707252132947;380.46559983375863;0.184817970123565;0.02801400964817536;0.3089080896258119;0.8704095671499629;0.8540860078357044;"Biotite"
62536.52776800002;1217.216484;7981.970009946951;7537.4484738063675;76.14260472789064;411.30866556150266;225.70860863690223;4.1205100774434085;0.5304054500978337;282.1772140776895;0.5487572413014289;0.16592898842208734;0.4845068944120671;0.9108113549426212;0.8272231293574891;"Biotite"
923022.0089860003;10041.021199;13164.709763362438;9072.584329541882;162.2585141526043;3883.979531687769;454.90650145914395;153.4127742959444;0.11504457730170951;1084.0793893907726;0.11712381534139188;0.5034081525701366;0.9141987117295328;0.6050060026728883;0.8060712726914739;"Biotite"
431970.65085900016;3228.0176500000002;28589.841493751905;9093.451418902703;79.58026477307631;1137.4129677537694;541.6456112168962;5.345422210193086;0.5209455150938741;741.6212745321329;0.47620840149780436;0.12013158768622303;0.42619583274908146;0.9271473075211394;0.8446153846153847;"Biotite"
41981.30743400002;967.7454160000001;10898.061134672376;10002.352091537703;42.59972093950804;325.4259992245613;189.00518901576137;2.89842005744867;0.5633049636974974;231.19744973648193;0.5807931433448185;0.15069412620157513;0.46510926537431946;0.9060262529832936;0.835956686153913;"Biotite"
252302.54306400008;2668.135294;8937.403828046243;14755.92767214552;93.44080927677486;986.1074140094858;349.37525575986643;10.97551423117572;0.44536470520389815;566.7817702311281;0.35429736233228;0.07246868623753439;0.36550954180779643;0.8826345567967504;0.8639857087397008;"Biotite"
405588.91716200014;3334.2607980000002;11250.7684049453;14885.317179373576;125.28057875209547;1107.5025095646574;568.5393342109332;4.948523946134565;0.45845510247451565;718.6180127417992;0.5133526373989143;0.2192956872978026;0.5524554857926014;0.9200834130356388;0.8155814807981319;"Biotite"
427519.55405500013;3042.2945740000005;11479.159003411207;6479.446108285508;150.92618694621626;942.2785496450491;731.8984006363477;1.7857507991999262;0.5804480035044232;737.7904867713924;0.7767325287326656;0.2669632006551475;0.6131476487983645;0.8951001389210466;0.8491530462164906;"Quartz"
717912.1506700002;3860.7154190000006;9237.792804621162;8326.820791181286;125.72556105290337;1167.2289094153532;800.2241560540755;2.1945976305563293;0.6052650369333357;956.0722461607767;0.6855760250616953;0.021847931375186636;0.3010571949327104;0.9269306966035447;0.8550994851247284;"Quartz"
279105.8868620001;2509.935219;12193.30108855431;8286.097004482197;130.51699151373603;806.3595439054127;587.3086479049314;1.8755096659231967;0.5567418081303579;596.1280502719837;0.7283458754148803;0.3326497156210676;0.6967823172088122;0.8792840656708619;0.8438585079673325;"Quartz"
920312.6457140003;4840.93544;17339.982624622622;8135.863674346998;119.86575889530307;1514.0537540936903;967.9742904606388;2.4218341205171705;0.4934994488321968;1082.4871611446054;0.6393262378191231;0.2507186006719679;0.592464381711376;0.8789274964355496;0.792696702437329;"Quartz"
1556957.7215060005;5899.260422;30852.885472303857;8301.62515853258;61.74102950096553;1833.704631551977;1345.0061475508944;2.022183713159502;0.56220091326232;1407.97022003386;0.7334911655933012;0.24413272300294428;0.5840789818263872;0.9021285116437396;0.8566930698893632;"Quartz"
249213.0395370001;2201.437843;7113.101641123778;9181.576121640737;17.409346451807103;731.7159673467753;541.851269477619;1.897787146888889;0.6462012154683129;563.3008938410768;0.7405213138130475;0.24951578435250893;0.5909329084083882;0.909038194882138;0.8910262764116571;"Quartz"
261142.53190300008;2495.8043440000006;8313.735274885532;9792.504390784216;74.93276706105594;818.3121578137785;586.8079211810558;2.310273529620244;0.5268250316978098;576.6255270374037;0.7170954452745579;0.44419967238682023;0.838812133376466;0.8122930730532744;0.8571222412296593;"Quartz"
404918.48798500013;3050.2709600000007;24830.001801519164;8966.061909789196;48.95588194400454;907.0948096080241;659.1176561021135;2.2161295175774347;0.5468908160931335;718.0238375547654;0.7266248788116569;0.1596792922252026;0.4765495340716125;0.8785465778897487;0.8194847617734262;"Quartz"
269920.3159730001;2959.0683210000007;32569.755501523578;9728.379389189053;83.05182897852093;1030.4923962638172;484.25245666203165;6.0505180650780614;0.38737844592275883;586.2364883084589;0.4699233671376434;0.4520144285222644;0.8487621899205752;0.7834102306920763;0.8160053449472212;"Quartz"
551548.9518000002;3815.102269000001;5451.057353458648;11199.464523320803;121.82625423437905;1324.1233977659576;645.8533527574485;5.079680166546793;0.47619141226706074;838.005928552411;0.4877591875856308;0.21777820204314874;0.5505233635578237;0.8568483442855303;0.831621715302437;"Quartz"
472058.16865900013;3586.6369110000005;9985.351367853118;10905.31591093574;145.8722535226145;1254.8419720991062;706.5781161490728;4.504571581472835;0.46113762026291505;775.2697129076436;0.5630813535565002;0.4751751343150948;0.8782513164199838;0.8017067330265752;0.8432416425326862;"Quartz"
1356506.3092240004;7388.683566000001;18369.84685045653;11021.973543258062;111.61012838136662;1706.968262357905;1497.734325378097;2.0038467707331926;0.31224647702744246;1314.213633922104;0.8774236512805549;0.4802269017166067;0.8846834264463928;0.6991425650378846;0.7181611938854008;"Quartz"
746865.0148190003;4032.762437;21639.02040516755;11339.56941192312;110.06339667278944;1173.2518965961644;936.611742444543;1.8267852873859574;0.5770941899372797;975.1605362435278;0.7983040514674119;0.1555763053270667;0.47132544890137595;0.8791789047181249;0.854347558236791;"Quartz"
429288.9341510001;4493.428962000001;30341.872483843446;11561.917117096811;154.02332485903182;1475.943978452237;667.708428988801;7.166994974258353;0.2671799088766812;739.3156613235395;0.4523941550200299;0.8030049533606015;1.2956572059720954;0.6186108123182342;0.7969965679408465;"Quartz"
199684.22013100007;2105.3400060000004;6204.377484926103;13307.005129590532;105.94049443749677;665.5487927613276;498.7150358491794;2.2220195560266798;0.5661208164978991;504.22796980174604;0.7493290368389617;0.30550487206159116;0.6622204289532371;0.8838411649534997;0.8649436698159622;"Quartz"
751468.1677250002;4123.773159000001;15868.271648001843;13249.953161959074;146.3213947258731;1055.0935665079994;1053.633801020504;1.0842070416940015;0.555304147885177;978.1610234297552;0.998616458735194;0.16187648517273467;0.47934708701982365;0.8601525292321324;0.8390522328922311;"Quartz"
270086.1953570001;2286.6463620000004;10774.84720782046;13918.05301978146;125.46605401744597;755.7575200358954;541.2071585156543;2.3120763040811148;0.6491039349648213;586.4165962995924;0.7161121711232846;0.1894152538038326;0.5144105362542498;0.916418470486152;0.8808650023339288;"Quartz"
1031120.0742260003;4479.198185;18129.847365228645;14692.302103575405;77.41216302057508;1405.4649261289935;1211.136445141101;1.50020587926839;0.6458304967103102;1145.802275209296;0.8617336673615026;0.2965633001028597;0.6508356659432855;0.9308010506810086;0.8696616023923488;"Quartz"
695359.4660870002;4117.474075000001;21166.81972016858;14371.76916176807;166.60268431913636;1453.1330079560921;735.343447499259;4.415273921623698;0.515415516087332;940.9352634628474;0.5060400138687636;0.2069133882825548;0.536689853031653;0.903617812427024;0.8631481156320333;"Quartz"
255516.4561290001;2561.095559;25796.823309286163;14564.623163136685;123.086279976416;729.2427032239362;485.27333074728284;2.9865920861619624;0.48952758936847657;570.3802733913843;0.6654483186488118;0.08775107859899735;0.38496768810056947;0.8448512272041684;0.8068799009619463;"Quartz"
597442.2480400002;3726.3051650000007;4571.8258904211025;17458.04092628413;11.606904141144721;1166.6642620631812;851.9829911331165;2.3355187294554005;0.5406907719833686;872.1737762051793;0.7302726404136454;0.3066845921248085;0.6637224951894429;0.8628554886752713;0.8388934552009512;"Quartz"
80195.77052300003;1148.986047;6584.1518421959845;17234.040742135658;171.05857846544995;359.18282391330416;329.126193974071;1.120795768959915;0.7633642532116982;319.5440914027204;0.9163194119034824;0.15775435976046687;0.47409863393656654;0.9417255092930769;0.915500305461934;"Quartz"
401220.7600500001;3183.3167630000003;12449.950731645135;17632.30871793282;155.83127327912172;1118.1993016685778;567.634383271182;4.965568803889784;0.4975463537710124;714.73781057417;0.5076325682051112;0.24249427362480952;0.5819928432860992;0.8737601035567529;0.858178613813306;"Quartz"
972440.2421360003;5097.694096;20729.95367502275;17358.008096214537;167.2471882198572;1584.2578963925903;1120.6503149336443;2.213352212906634;0.4702461467054738;1112.7216054249116;0.7073660907642648;0.4339135098355074;0.8257153844525608;0.8453865936020382;0.8165814347836851;"Quartz"
384536.0586760001;3123.0469380000004;30481.3187374362;16801.695360557915;151.68847361097468;1033.4476200311426;588.2547637741178;3.7077477098581304;0.4954386819558431;699.718883754672;0.5692158483623881;0.24167155741672106;0.5809453284758664;0.8776778671714782;0.8247881594919532;"Quartz"
435060.1543860001;3366.6737390000008;36511.69651021511;19795.531798986438;164.20314353793938;1086.2019550614618;614.9677156454508;3.9072023844577575;0.4823442557693845;744.2686295302526;0.5661633297379337;0.205878268911452;0.5353718981148432;0.8865508936493852;0.8271220085101331;"Quartz"
686816.6778110003;4444.137841000001;11640.878569854385;21490.107595465484;169.57671572169914;1516.9374651173086;669.4524671215804;7.0585850095588585;0.4369941821332105;935.1375054892168;0.4413184343560333;0.16127873352977287;0.4785860059900744;0.8414924336729078;0.8379440958478588;"Quartz"
607519.4206180002;4063.9607800000013;33412.78085391022;21411.57988809757;132.81819771234805;1333.624148347881;926.3596585259123;3.1456600733863325;0.4622437135458936;879.4985790354823;0.6946182398342924;0.5971393155829517;1.0335409350514668;0.7821220102505695;0.8625085715025033;"Quartz"
42050.42384400001;882.0137259999999;13329.966829717294;22995.636138560163;114.69171579886375;302.9990103506358;208.41480005842433;2.5705435384208957;0.679249854662042;231.38768876294003;0.687839870556815;0.17947643882188366;0.5017560439914261;0.9072472412764687;0.9122100544272032;"Quartz"
617534.3884270001;3753.6231040000002;11138.53123421044;24678.60740398671;40.517010724522294;1043.7596975242188;777.5233656023998;2.003697265281989;0.5507692483698285;886.718221070877;0.7449256447117787;0.032149738543752526;0.3141738632019649;0.8795121423016724;0.83177543256085;"Quartz"
662515.3480550002;3990.622196000001;17518.613258870173;24469.17678831569;135.0739152497998;1089.5841931139073;933.3913185939616;1.4306302476468022;0.5227867599980024;918.4447398388246;0.8566491001731915;0.2056423339598555;0.5350714964044854;0.8921474642368512;0.8347209741726198;"Quartz"
481858.8755970001;3800.3141440000004;32316.457601259382;23598.109517305686;41.34047283687597;903.673112164764;874.6154021289282;1.0837458002910239;0.41926704816237703;783.2763084580829;0.967844888107573;0.288245102440661;0.6402446077388504;0.8050183019064003;0.7503438171031369;"Quartz"
336278.9812140001;3027.488046;15892.130738377115;25281.53880246229;167.0313860946085;975.7866845852726;559.7849373462863;3.8024212493324296;0.4610464825431631;654.342186432235;0.573675523748518;0.27575198923083477;0.6243378819632462;0.8197671479840273;0.8166969730125898;"Quartz"
952251.3387750003;5062.886136000001;28652.826625469064;25672.02433093813;44.36772957068431;1461.9748530341965;1038.9571455242813;2.199877789353886;0.46683685588354507;1101.1103764179732;0.7106532259211025;0.2527829274157103;0.5950927641547636;0.8397893440774356;0.7823805785072468;"Quartz"
591995.8749320002;3481.5268620000006;33156.92847863448;24966.904460374542;9.844015373966396;1241.9586254417393;693.3097220275373;3.3026128181756604;0.6137465216915928;868.1892410549178;0.5582389846368201;0.14236692122885958;0.4545067387059426;0.9208506246371514;0.9138541907363861;"Quartz"
1966341.1295770006;7626.5660020000005;13374.870032320203;5092.8635608635595;55.527084530625615;2300.4661354117707;1497.1897305715572;3.3956647929026533;0.424825582139837;1582.2841984348595;0.650820156630373;0.3756998884892222;0.7515954997122316;0.8009690560853175;0.792255815188053;"Quartz"
2891961.915579001;9668.43669;20901.06755144724;5393.541289711988;175.4727654245816;3015.376920327911;1567.3610300578873;4.764735265857769;0.3887674696293609;1918.8955867329614;0.5197894231701696;0.283535730585011;0.6342484492613739;0.8254321781621554;0.7734863131218374;"Quartz"
69.11641000000002;31.003797000000002;20731.505300000004;3273.1050000000005;54.10991087528699;13.143077983239818;5.212275158569099;8.395273107224842;0.9035688842890043;9.380924602731271;0.3965794896154343;-0.22154568880782888;-0.008841187220555291;0.7692307692307692;0.9214788433816672;"Others"
110.58625600000003;42.113951000000014;20922.896500000003;3676.6565000000005;180.0;13.145000000000003;13.145000000000003;1.0;0.7835361601087764;11.866035321176412;1.0;0.227184630308513;0.5625;0.6666666666666667;0.9071103065110179;"Others"
82.93969200000002;44.766612;30211.59166666667;3915.8955000000005;107.5428509498801;19.924400976384902;4.221029300280158;28.114848272688615;0.5200724245238152;10.276288030342213;0.2118522561999766;-0.20360027167770767;0.014007627516282817;0.6666666666666666;0.9621212121212122;"Others"
190878.78949700005;1930.6324400000003;28853.924896187138;4459.483016801246;61.20801628998938;668.8278051654187;432.9467723737727;2.630736075584469;0.6435293184320039;492.9852158419756;0.6473217306907473;0.19146430328522726;0.5170194670830804;0.929521052808724;0.882908927501498;"K-feldspar"
82.93969200000002;28.02514000000001;30196.25583333334;4251.531166666668;135.0;11.153902366438485;7.4359349109565995;2.2799999999999994;1.3270176544349659;10.276288030342213;0.6666666666664522;-0.21460183660253898;1.6135241291218943E-14;0.923076923076923;0.965103189493433;"Others"
574744.4189960002;3722.524663;30352.16320109193;4783.328447772861;145.45362824752385;1175.9048928351503;648.641528291076;3.6527880456061332;0.5212060632166126;855.4456864006872;0.5516105360588961;0.042298388459734146;0.3270955256006656;0.8887321384676222;0.855809574793407;"Quartz"
76.02805100000002;33.004466;8684.065;6707.296000000002;37.60863697869216;11.061219753586853;7.374146502390039;2.8963398774039915;0.877078167500092;9.838796727361622;0.6666666666665586;-0.1573818568910201;0.07285474091766565;0.7333333333333333;0.8728692050342521;"Others"
466715.47016600013;3486.0540000000005;12834.169202307263;6343.61776340965;158.5264259597937;1094.3718693084002;600.1764602263316;3.5454990477613477;0.48260724829618185;770.8700232562007;0.5484209500063443;0.10530354657809698;0.407316184439257;0.8743380248863798;0.8036990950226244;"Plagioclase"
110.58625600000003;58.35591300000001;13378.981000000002;6642.168500000001;142.62755935152887;15.842569476210949;11.548708055689964;2.8100542691649917;0.4080762152198038;11.866035321176412;0.7289668555994906;0.2994146225284402;0.6544660824103246;0.5925925925925926;0.7898815155201152;"Others"
231049.24698900006;2566.6953290000006;13833.240569266209;6063.927425139849;54.779973011782005;917.1169444581222;349.8384990769903;9.17842762624026;0.44072306631534125;542.3845850018938;0.38145462385245976;0.09063050921489846;0.3886338930270558;0.869369603661708;0.8358958968596774;"Biotite"
82.93969200000002;36.156637;15975.118500000002;5494.171833333335;28.154966237010104;15.311156059474179;6.039465978831376;8.535516131676092;0.7972531137330201;10.276288030342213;0.394448724536009;-0.12434307747314621;0.1149210213822851;0.7058823529411764;0.9326692358030975;"Others"
79124.46616800003;1656.4093370000003;8912.423675314467;7352.480299615655;113.76795824080445;569.038071740842;213.1226526635522;11.968345081278505;0.3623976035858944;317.4025823479657;0.37453144745052314;0.20378804361627442;0.5327105406116177;0.8049500773449585;0.8154028311903919;"Biotite"
343418.7063670001;2763.1683860000007;15822.56424972327;7422.703901261901;85.43859535911723;879.7783812966095;626.2003232726145;2.2323751759438744;0.5652220673089748;661.2520528121314;0.7117705283343359;0.25994766733272645;0.6042151943448508;0.896715394333153;0.8399224002268241;"Quartz"
82.93969200000002;28.808582000000005;28637.697000000004;7127.438083333335;69.52967318239962;10.771370474218903;8.308382795748415;2.031116392483351;1.255823246111662;10.276288030342213;0.7713394331421792;-0.15254836036916952;0.07900893982862571;0.923076923076923;0.9660521993064427;"Others"
82.93969200000002;36.156637;28993.926500000005;7881.303833333335;28.154966237010104;15.31115605947896;6.039465978831376;8.535516131676092;0.7972531137330201;10.276288030342213;0.3944487245358858;-0.1243430774728725;0.11492102138263342;0.7058823529411764;0.9326692358030975;"Others"
69.11641000000002;39.679497000000005;29002.602200000005;7927.749500000002;127.56859202882748;14.746952230523224;7.373476115261612;5.803571428571427;0.5516437726704504;9.380924602731271;0.5;0.23561525185864357;0.5732342007443227;0.625;0.8882263300867951;"Others"
94813.89123800003;1479.919309;32962.34699759441;7040.371159790058;164.40828680557033;408.74987799689086;359.99282404306325;1.1708597550887339;0.5440085952670605;347.44898289452567;0.8807166519712124;0.218903686283082;0.551956374599083;0.8155282087866357;0.860850812103297;"Quartz"
187630.31822700007;1927.1358700000003;27756.32278892696;8549.387333480681;59.494103066570624;611.742789732849;460.4849907736047;1.6979230708707491;0.6348749754698121;488.7722792444957;0.7527428169193472;0.17915583572696597;0.5013478394528125;0.8913807256608112;0.8674556293739683;"Quartz"
82.93969200000002;36.156637;28515.448500000006;8380.813833333335;151.84503376298989;15.311156059474179;6.039465978831376;8.535516131676099;0.7972531137330201;10.276288030342213;0.394448724536009;-0.12434307747314621;0.1149210213822851;0.7058823529411764;0.9326692358030975;"Others"
82.93969200000002;28.02514000000001;13006.101166666669;9574.379833333336;135.0;11.153902366436094;7.435934910957795;2.28;1.3270176544349659;10.276288030342213;0.6666666666667024;-0.21460183660258117;-3.7451523364021945E-14;0.923076923076923;0.965103189493433;"Others"
82.93969200000002;28.02514000000001;13021.87516666667;9572.627166666667;45.0;11.15390236643729;7.4359349109589905;2.2799999999999994;1.3270176544349659;10.276288030342213;0.6666666666667381;-0.21460183660237067;2.304822999121825E-13;0.923076923076923;0.965103189493433;"Others"
76.02805100000002;28.02514000000001;13574.005000000001;9499.055;44.99999999999999;11.153902366436094;7.4359349109589905;2.2967032967032956;1.2164328498987187;9.838796727361622;0.6666666666668096;-0.14320200356631443;0.09090909090922543;0.8461538461538461;0.965103189493433;"Others"
82.93969200000002;42.113951000000014;14061.206500000002;10436.691833333336;180.0;13.145000000000003;7.887000000000001;2.560975609756097;0.5876521200815823;10.276288030342213;0.6;-0.018252295753189724;0.25;0.6666666666666666;0.8120981334665084;"Others"
110.58625600000003;42.113951000000014;31780.666500000007;10622.474500000002;180.0;13.145000000000003;13.145000000000003;1.0;0.7835361601087764;11.866035321176412;1.0;0.227184630308513;0.5625;0.6666666666666667;0.9071103065110179;"Others"
82.93969200000002;42.113951000000014;11165.80116666667;11179.822500000002;90.0;13.145000000000003;7.887000000000001;2.560975609756097;0.5876521200815823;10.276288030342213;0.6;-0.018252295753189724;0.25;0.6666666666666666;0.8120981334665084;"Others"
82.93969200000002;31.243036000000007;11075.538833333334;11354.651000000002;90.0;10.516000000000002;7.887000000000001;2.068965517241379;1.0677407648749284;10.276288030342213;0.75;-0.21460183660255172;0.0;0.8571428571428571;0.9373948165600806;"Others"
362854.2408590001;2680.4837070000003;15416.075113240255;11103.846232823485;6.537284514973511;889.4910259046032;621.6082992310821;2.1215067786539903;0.6346228772765728;679.7060897450724;0.6988359422726191;0.19678476808362766;0.5237936932607755;0.9057329675827684;0.8668887182308848;"Quartz"
441218.42651700013;2889.9703140000006;23400.089139527237;11493.72706442972;108.14001700856957;957.6433638336034;676.0698750345123;2.2426183617197553;0.6638603677453929;749.517677248022;0.7059724951552879;0.1524753045314683;0.4673771320601648;0.9410906196099244;0.8979582739755437;"K-feldspar"
276382.7003080001;2593.3402440000004;22420.763990422132;12755.583221066321;100.21126105859533;921.0686755001839;458.1404950703617;4.946394376240241;0.5164184151507724;593.2127641182656;0.4974010160768628;0.19913952816860142;0.5267918669193278;0.8664976489198033;0.8717727252452263;"Plagioclase"
82.93969200000002;28.02514000000001;28070.27116666667;12469.78516666667;45.0;11.153902366438485;7.4359349109589905;2.2799999999999994;1.3270176544349659;10.276288030342213;0.6666666666666666;-0.21460183660228646;3.376558292226643E-13;0.923076923076923;0.965103189493433;"Others"
69.11641000000002;32.765227;27940.749100000005;12506.153000000002;47.76663114540378;14.854535436341079;4.072552014979231;14.536206259587827;0.8090300890481238;9.380924602731271;0.27416219325283514;-0.3125605945771575;-0.1247249644064091;0.8333333333333333;0.9476049105351843;"Others"
76.02805100000002;26.807913000000003;34738.41100000001;13014.028000000002;171.86989764584402;10.782105620887668;5.576951183219243;3.5423728813559316;1.3294062327445098;9.838796727361622;0.5172413793104824;-0.3788214525856101;-0.20909090909085248;0.9166666666666666;1.0;"Others"
82.93969200000002;42.113951000000014;3843.1598333333336;14250.494500000003;90.0;13.145000000000003;7.887000000000001;2.560975609756097;0.5876521200815823;10.276288030342213;0.6;-0.018252295753189724;0.25;0.6666666666666666;0.8120981334665084;"Others"
82.93969200000002;30.199323000000007;3471.5945000000006;14581.748500000003;90.0;2.6290000000000004;2.6290000000000004;11.666666666666666;1.142820094093369;10.276288030342213;1.0;-0.9345501530502126;-0.9166666666666666;1.0;1.0;"Others"
82.93969200000002;42.113951000000014;4148.123833333334;14208.430500000002;90.0;13.145000000000003;7.887000000000001;2.560975609756097;0.5876521200815823;10.276288030342213;0.6;-0.018252295753189724;0.25;0.6666666666666666;0.8120981334665084;"Others"
82.93969200000002;28.02514000000001;4167.403166666668;14246.98916666667;45.0;11.153902366436094;7.4359349109565995;2.2799999999999994;1.3270176544349659;10.276288030342213;0.6666666666665952;-0.21460183660270746;-1.982118173297446E-13;0.923076923076923;0.965103189493433;"Others"
69.11641000000002;26.329435;13942.375700000002;13474.413700000003;45.00000000000001;11.15390236643729;5.576951183219243;3.6538461538461537;1.2528756156189258;9.380924602731271;0.5000000000000536;-0.29314165294213357;-0.09999999999979252;0.8333333333333333;0.9628557164253619;"Others"
69.11641000000002;33.243705000000006;14026.240800000001;13496.234400000003;140.152423234383;11.442727229481436;6.055257895445097;4.538272529999796;0.7859088813720774;9.380924602731271;0.5291796067500518;-0.21264443906461059;0.0024922359500738622;0.7692307692307692;0.8299723210755239;"Others"
82.93969200000002;30.199323000000007;28904.540500000006;14003.368500000002;180.0;13.145000000000003;2.6290000000000004;11.666666666666666;1.142820094093369;10.276288030342213;0.2;-0.6727507652510631;-0.5833333333333334;1.0;1.0;"Others"
138889.42589500005;1584.02508;31341.679036725556;14021.69869390396;11.991326343132448;481.943314736533;432.37666184362604;1.1384648307897856;0.6955925784643368;420.5228999651244;0.897152525250809;0.17836247304944214;0.5003376987184724;0.922212023864158;0.8852901148509595;"Quartz"
309047.1156740001;2639.7841580000004;5023.000596166749;15521.220244777924;78.55161244643392;903.3073581116101;458.0936543456496;4.086403061116729;0.5573111375357588;627.2886168762184;0.5071293289399386;0.05161073405690012;0.338952372269218;0.9422797294164754;0.8458692443596367;"Biotite"
110.58625600000003;42.113951000000014;13014.864500000001;15543.962500000003;180.0;13.145000000000003;13.145000000000003;1.0;0.7835361601087764;11.866035321176412;1.0;0.227184630308513;0.5625;0.6666666666666667;0.9071103065110179;"Others"
69.11641000000002;28.503618000000007;13561.433600000002;15621.780900000003;83.9787124285575;2.6290000000000004;2.6290000000000004;11.716315602911468;1.0690328682402654;9.380924602731271;1.0;-0.9214601836602551;-0.9;1.0;1.0;"Others"
76.02805100000002;26.568674000000005;13717.405000000002;15726.678000000004;35.00844673905001;9.47648502661029;7.968235108045923;1.808280736550199;1.3534554380400416;9.838796727361622;0.8408428954059285;-0.21994460567700197;-0.0068026248639783534;0.9166666666666666;0.9631901840490795;"Others"
110.58625600000003;59.333901000000004;29723.802625000004;16000.094000000003;82.88220907160934;24.130173429403083;6.194754293839268;16.48779727605521;0.39473461632503554;11.866035321176412;0.25672232783419785;0.06163017762611722;0.35170952403778744;0.64;0.8614914262927025;"Others"
124.40953800000004;58.05094900000001;9018.930555555557;16465.280944444447;33.51635132546655;18.21769775805656;12.382286574444553;3.5668003596438504;0.46392192054118936;12.5858310621044;0.67968448806703;0.424067410208523;0.8131789410460821;0.5625;0.8138671255830805;"Others"
69.11641000000002;26.807913000000003;10355.631000000001;17105.062700000002;166.645494940425;11.446111736350796;4.508587157342267;6.649770382806621;1.2085511206768271;9.380924602731271;0.39389683249586;-0.41358217892403815;-0.2533496404686562;0.8333333333333333;0.9910758066097872;"Others"
76.02805100000002;41.375202;9498.577000000001;17285.675000000003;25.097214453867405;11.753387427069239;9.372592838674274;2.395964958948176;0.5580890059456045;9.838796727361622;0.7974375810235137;0.13799099896921294;0.44893514144027385;0.6470588235294117;0.7740500698945229;"Others"
82.93969200000002;42.113951000000014;12746.706500000002;16415.037833333336;180.0;13.145000000000003;7.887000000000001;2.560975609756097;0.5876521200815823;10.276288030342213;0.6;-0.018252295753189724;0.25;0.6666666666666666;0.8120981334665084;"Others"
82.93969200000002;30.199323000000007;13020.122500000001;16574.530500000004;180.0;13.145000000000003;2.6290000000000004;11.666666666666666;1.142820094093369;10.276288030342213;0.2;-0.6727507652510631;-0.5833333333333334;1.0;1.0;"Others"
69.11641000000002;25.046483000000006;13728.638000000003;16548.240500000004;180.0;10.516000000000002;2.6290000000000004;8.0;1.3845145800872916;9.380924602731271;0.25;-0.6858407346410207;-0.6;1.0;1.0;"Others"
111484.76933000004;1750.3145880000002;15376.95107805332;16709.45263806572;51.394254208295145;507.9126551383903;377.3828794757793;2.0148972945967945;0.45729155248287084;376.75830043495245;0.743007435742971;0.3503475769405735;0.719315934098046;0.853032947273785;0.7706962744002452;"Biotite"
110.58625600000003;46.46231700000001;19695.153500000004;16702.037000000004;162.39120351590364;19.92665883864419;6.722133412846681;10.92933647049084;0.643738215490291;11.866035321176412;0.3373437296879046;-0.048671868300514176;0.2112685972988062;0.7272727272727273;0.9424545917501271;"Others"
76.02805100000002;44.353859000000014;32689.22500000001;16323.700000000003;158.16610992693484;10.739414983819586;10.739414983819586;1.3425245297012285;0.4856472102662722;9.838796727361622;1.0;0.19145398100354216;0.5170063243458471;0.6470588235294117;0.7166735818860767;"Others"
82.93969200000002;42.113951000000014;32981.24316666667;16495.6605;90.0;13.145000000000003;7.887000000000001;2.560975609756097;0.5876521200815823;10.276288030342213;0.6;-0.018252295753189724;0.25;0.6666666666666666;0.8120981334665084;"Others"
82.93969200000002;36.156637;32990.0065;16534.21916666667;28.154966237010107;15.311156059474179;6.039465978831376;8.535516131676099;0.7972531137330201;10.276288030342213;0.394448724536009;-0.12434307747314621;0.1149210213822851;0.7999999999999999;0.9260524976368792;"Others"
117.49789700000004;49.028221;32785.17647058824;17095.613764705886;113.1985905136482;16.569821375437524;13.117775255547135;1.3790849673202614;0.6142535675176873;12.231229246630082;0.7916666666662097;0.4529069472988933;0.8498985801213981;0.6296296296296297;0.8745241031690709;"Others"
183538.62675500006;2232.2234330000006;8652.667069139523;17937.28604003013;16.206474213545004;745.8698685128722;371.15694623537456;6.070693475735153;0.46287317873214123;483.41352646657833;0.49761622221768187;0.18463090702166926;0.508318916735473;0.8176052218356478;0.8565406906558533;"Quartz"
422045.5343830001;3037.6018090000002;11601.204254032722;18185.97655157788;109.27557400511778;977.0088637273336;690.6605361927806;2.0053053863508947;0.5747877289663726;733.0518836039639;0.7069132756461174;0.25572261917189576;0.5988356959480708;0.9143083879855058;0.8493570741746949;"Biotite"
82.93969200000002;30.199323000000007;13503.858500000002;18704.020500000002;90.0;2.6290000000000004;2.6290000000000004;11.666666666666666;1.142820094093369;10.276288030342213;1.0;-0.9345501530502126;-0.9166666666666666;1.0;1.0;"Others"
82.93969200000002;36.156637;15133.838500000003;18549.785833333335;151.84503376298989;15.31115605947896;6.039465978832571;8.535516131676099;0.7972531137330201;10.276288030342213;0.3944487245359639;-0.1243430774726993;0.11492102138285414;0.7058823529411764;0.9326692358030975;"Others"
96.76297400000003;48.289472;15159.189571428573;18666.087785714288;93.47881257438782;18.52861512410652;6.045942281454698;9.514025910177175;0.5214517847830853;11.099659677800055;0.3263029773654626;-0.09074095380739422;0.1577045740206017;0.6666666666666667;0.8451110627177701;"Others"
82.93969200000002;47.81099400000001;15178.750583333334;18682.331250000003;51.06841222764614;14.788533478029244;9.439357498677557;2.0817557724972193;0.45594949241499894;10.276288030342213;0.6382889495230374;0.32188905417092234;0.6830814175229799;0.6315789473684211;0.7507973166171781;"Others"
82.93969200000002;28.02514000000001;16961.869833333334;17682.215833333335;45.0;11.153902366433703;7.4359349109542086;2.28;1.3270176544349659;10.276288030342213;0.6666666666665237;-0.2146018366031283;-7.340794638821535E-13;0.923076923076923;0.965103189493433;"Others"
82.93969200000002;29.547331000000007;16846.41291666667;17771.382750000004;34.76386024012904;10.976373673176493;7.317582448788314;2.6863924918845226;1.1938115261142017;10.276288030342213;0.6666666666670298;-0.2394041157703343;-0.031579242635981775;0.923076923076923;0.966900969837174;"Others"
366068.1539240001;3058.5601970000007;27424.078198757652;18024.662359225138;10.920178143105646;974.0344243549882;594.0784296091684;3.1256469243043488;0.49174250378036943;682.7096378726723;0.6099152296414687;0.24149799390177393;0.5807243405451125;0.8617777705462177;0.8190310582924257;"Quartz"
82.93969200000002;38.63578400000001;30757.985500000006;18614.196333333337;122.3894424031543;16.73310665285806;5.036556851087415;12.530775595434568;0.6982208661883472;10.276288030342213;0.3009935307038253;-0.20193588576338137;0.016126789480103376;0.7058823529411764;0.949918345127926;"Others"
82.93969200000002;28.02514000000001;35454.25583333334;17929.341833333336;45.0;11.153902366438485;7.4359349109589905;2.28;1.3270176544349659;10.276288030342213;0.6666666666666666;-0.21460183660228646;3.376558292226643E-13;0.923076923076923;0.965103189493433;"Others"
185508.44444000005;2206.025448000001;11796.305270901641;19495.94778360656;84.82635406051102;761.9011504863187;324.61522072595955;7.388117971913483;0.4790187484292756;486.0007071428126;0.42605949671917265;0.047113373681614085;0.3332261551924787;0.8789049708559827;0.8522414171171427;"Biotite"
332104.3500500001;2896.066965;14116.130933319462;19325.91764486993;9.7086394580448;780.5456139466299;634.0004929059737;2.093134467433179;0.49758494155654626;650.2679382087274;0.812252969689128;0.1703161557892859;0.4900928093933561;0.8595245335670716;0.7875261554941291;"Plagioclase"
200361.56094900006;1961.5363350000005;14352.827388630172;19771.863954568977;82.2465948300149;685.3263681761154;421.6137659350935;2.5090610031227407;0.6543823181495299;505.0824315348252;0.6152014361524568;0.1326290571124579;0.44210810503168224;0.9366094794998546;0.8991495949015902;"Quartz"
221262.36333300007;2008.821529;22422.74141061444;19505.46141433168;16.74895740332931;584.9294811927873;563.2983007907478;1.1752307678348124;0.689024560158748;530.773012461198;0.9630191653907935;0.16956479358384235;0.48913614532096605;0.928855360510663;0.8809031790299974;"Quartz"
218214.32965200007;2144.6093790000004;24868.94814218295;19250.8041201381;72.85343335159311;608.9845568427452;540.5182084565666;1.4339259631591057;0.5962065301302123;527.1044618866371;0.8875729316665445;0.18474046800134852;0.5084584141073606;0.8977990104077802;0.8359499406068762;"Quartz"
82.93969200000002;36.156637;30516.99383333334;19660.976500000004;61.8450337629899;15.31115605947896;6.039465978831376;8.535516131676099;0.7972531137330201;10.276288030342213;0.3944487245358858;-0.1243430774728725;0.11492102138263342;0.7058823529411764;0.9326692358030975;"Others"
82.93969200000002;36.156637;31302.188500000004;19853.769833333336;151.84503376298989;15.311156059474179;6.039465978831376;8.535516131676099;0.7972531137330201;10.276288030342213;0.394448724536009;-0.12434307747314621;0.1149210213822851;0.7058823529411764;0.9326692358030975;"Others"
96.76297400000003;53.203073;23154.541928571434;21251.145928571434;87.512370255318;18.499765604921098;8.336000621465358;4.758325998900301;0.4295815654832393;11.099659677800055;0.45060033729551197;0.2517126395172077;0.5937300312781384;0.56;0.8275436082423285;"Others"
82.93969200000002;33.722183;25125.57208333334;20623.62866666667;63.630383356226055;14.112622795804304;5.898640317268418;6.711551376999092;0.9165178351024507;10.276288030342213;0.4179691048656164;-0.2117080132957566;0.00368453026968781;0.8571428571428571;0.9568098542137679;"Others"
82.93969200000002;42.113951000000014;24708.656500000005;20844.026500000004;45.0;18.589837277392693;3.7179674554794953;22.333333333333332;0.5876521200815823;10.276288030342213;0.20000000000005144;-0.34550153050207383;-0.1666666666665996;0.75;0.9184718147200197;"Others"
82.93969200000002;36.156637;25500.86183333334;21348.794500000004;118.1549662370101;15.311156059474179;6.039465978831376;8.535516131676099;0.7972531137330201;10.276288030342213;0.394448724536009;-0.12434307747314621;0.1149210213822851;0.7058823529411764;0.9326692358030975;"Others"
69.11641000000002;37.439589000000005;26369.132900000004;21168.708000000002;138.49196873004263;16.81301829097252;4.163977071437133;18.51752772293036;0.6196249418358996;9.380924602731271;0.24766386376162533;-0.20445871215609107;0.012914627152403569;0.7692307692307692;0.9280247173653536;"Others"
82.93969200000002;42.113951000000014;25670.870500000005;21254.150500000003;45.0;18.589837277395084;3.7179674554794953;22.333333333333332;0.5876521200815823;10.276288030342213;0.2000000000000257;-0.3455015305019895;-0.16666666666649244;0.75;0.9184718147200197;"Others"
69.11641000000002;31.003797000000002;30900.477300000006;20238.042000000005;125.890089124713;13.143077983241014;5.212275158564317;8.395273107224849;0.9035688842890043;9.380924602731271;0.3965794896150344;-0.22154568880847228;-0.008841187221374548;0.7692307692307692;0.9214788433816672;"Others"
82.93969200000002;30.199323000000007;34430.698500000006;21264.666500000003;180.0;13.145000000000003;2.6290000000000004;11.666666666666666;1.142820094093369;10.276288030342213;0.2;-0.6727507652510631;-0.5833333333333334;1.0;1.0;"Others"
119813.29673500004;1567.998696;18111.561207845403;22331.882699336606;132.2539198229721;522.9458783470058;375.13743711450314;2.7970041667050762;0.6123835102667152;390.5778122065953;0.7173542285107698;0.28597348645587617;0.6373522964365698;0.8747981429148163;0.876364800879911;"K-feldspar"
69.11641000000002;28.569343000000003;24424.724500000004;21709.493300000006;111.5761948670027;11.712704636018174;5.856352318011478;3.787642283321655;1.0641198140843913;9.380924602731271;0.5000000000002042;-0.2205413216246189;-0.0075623872054581655;0.8333333333333333;0.9916260237416031;"Others"
346515.1215350001;2702.5594200000005;22353.15139359729;23639.636798962805;65.47044726058157;738.9388222419217;688.5037851861731;1.2025583376096163;0.5961856970471595;664.2264339719349;0.9317466676026981;0.15314124524238082;0.4682250341077474;0.9054051613602296;0.8421379793381194;"Quartz"
164040.88749400005;1934.026479;9761.713603353839;24472.868408654256;20.40110446962626;672.4369437027975;395.76616237617293;4.344435970480866;0.5511085422909586;457.01569438129;0.5885550549868256;0.27417182159396525;0.6223259500406731;0.8256740302661332;0.8817781801424861;"K-feldspar"
69.11641000000002;37.439589000000005;20061.899000000005;25362.7517;22.68017303169362;10.716521928302036;9.304525997797723;2.0781357693699505;0.6196249418358996;9.380924602731271;0.8682412129652559;0.13307020558677837;0.4426697927142868;0.625;0.8147601994241978;"Others"
425079.74478200014;2654.3619630000007;26417.20735945173;25171.95848187051;44.90529172938326;900.0849079871707;723.5400791762681;1.7627589472464293;0.7581584585054134;735.6822280865381;0.8038575836076357;0.20327679943956165;0.5320596043088112;0.9534602505270992;0.9397155639545305;"K-feldspar"
140147.34455700003;1797.3842040000002;25057.21046614391;26211.087603047796;123.99145000509759;662.5112931424486;304.13330836904646;4.940570340016144;0.5451460832154797;422.4229411142306;0.4590613194327147;0.12917766655880916;0.43771365809445145;0.9043350280974043;0.8879293700524812;"Quartz"
82.93969200000002;36.156637;29894.79716666667;25860.158500000005;61.8450337629899;15.311156059474179;6.039465978831376;8.535516131676092;0.7972531137330201;10.276288030342213;0.394448724536009;-0.12434307747314621;0.1149210213822851;0.7999999999999999;0.9260524976368792;"Others"
82.93969200000002;30.199323000000007;29861.496500000005;26165.122500000005;90.0;2.6290000000000004;2.6290000000000004;11.666666666666666;1.142820094093369;10.276288030342213;1.0;-0.9345501530502126;-0.9166666666666666;1.0;1.0;"Others"
82.93969200000002;30.199323000000007;29898.302500000005;26233.476500000004;180.0;13.145000000000003;2.6290000000000004;11.666666666666666;1.142820094093369;10.276288030342213;0.2;-0.6727507652510631;-0.5833333333333334;1.0;1.0;"Others"
